vehicle_id,lane,frame,timestamp_sec
1,1,0,0.00
2,2,0,0.00
3,1,0,0.00
4,1,0,0.00
5,1,0,0.00
14,1,11,0.37
50,1,33,1.10
51,3,37,1.23
18,2,43,1.43
65,1,50,1.67
80,1,63,2.10
50,2,68,2.27
89,3,82,2.73
100,2,95,3.17
106,2,105,3.50
115,2,121,4.03
116,1,122,4.07
116,2,124,4.13
124,1,133,4.43
136,1,141,4.70
138,1,143,4.77
142,2,147,4.90
138,2,150,5.00
145,2,155,5.17
148,1,161,5.37
148,2,182,6.07
183,1,186,6.20
190,1,191,6.37
209,2,205,6.83
212,1,206,6.87
232,1,238,7.93
244,2,246,8.20
212,2,248,8.27
254,1,254,8.47
264,1,258,8.60
265,2,258,8.60
275,2,263,8.77
282,1,268,8.93
289,2,272,9.07
292,1,274,9.13
303,2,282,9.40
306,1,287,9.57
307,1,292,9.73
244,1,311,10.37
282,2,322,10.73
333,1,323,10.77
338,2,326,10.87
348,1,338,11.27
384,2,361,12.03
333,2,367,12.23
400,1,372,12.40
409,1,378,12.60
437,1,413,13.77
439,2,416,13.87
443,1,424,14.13
475,1,451,15.03
486,1,462,15.40
496,1,474,15.80
503,2,483,16.10
512,1,494,16.47
527,1,504,16.80
528,1,504,16.80
543,1,514,17.13
546,1,516,17.20
512,2,517,17.23
556,1,523,17.43
572,1,536,17.87
575,1,539,17.97
581,1,549,18.30
582,1,550,18.33
595,1,560,18.67
599,2,568,18.93
601,2,571,19.03
604,1,573,19.10
609,1,579,19.30
581,2,581,19.37
619,1,590,19.67
633,1,601,20.03
644,1,616,20.53
647,1,629,20.97
659,2,636,21.20
644,2,639,21.30
666,2,639,21.30
673,1,644,21.47
682,1,657,21.90
692,2,663,22.10
706,1,680,22.67
717,2,700,23.33
738,1,721,24.03
746,1,724,24.13
749,2,726,24.20
706,2,731,24.37
754,2,731,24.37
757,2,733,24.43
786,1,758,25.27
787,1,759,25.30
797,1,767,25.57
746,2,773,25.77
811,2,777,25.90
817,1,781,26.03
821,1,782,26.07
831,2,798,26.60
833,1,799,26.63
838,2,803,26.77
840,1,804,26.80
846,1,806,26.87
854,2,818,27.27
858,1,821,27.37
859,1,822,27.40
864,1,830,27.67
866,2,835,27.83
869,1,836,27.87
877,3,842,28.07
880,2,845,28.17
821,2,848,28.27
831,1,865,28.83
898,1,874,29.13
903,2,888,29.60
906,2,889,29.63
909,2,890,29.67
914,2,895,29.83
916,2,898,29.93
917,1,900,30.00
919,2,905,30.17
923,1,909,30.30
925,2,912,30.40
898,2,913,30.43
926,2,917,30.57
923,2,942,31.40
939,2,946,31.53
945,1,951,31.70
947,1,954,31.80
967,3,976,32.53
990,1,993,33.10
994,2,1009,33.63
999,2,1012,33.73
1011,1,1018,33.93
1016,2,1021,34.03
1026,1,1031,34.37
1034,2,1035,34.50
1037,3,1037,34.57
1039,1,1038,34.60
1046,2,1044,34.80
1058,1,1053,35.10
1084,1,1066,35.53
1086,1,1068,35.60
1111,1,1082,36.07
1144,1,1094,36.47
1159,1,1102,36.73
1165,1,1106,36.87
1168,1,1110,37.00
1173,1,1114,37.13
1178,1,1119,37.30
1180,1,1121,37.37
1182,2,1125,37.50
1189,1,1131,37.70
1190,2,1131,37.70
1194,2,1133,37.77
1214,2,1149,38.30
1215,1,1149,38.30
1219,2,1153,38.43
1220,1,1157,38.57
1222,1,1161,38.70
1226,2,1169,38.97
1254,1,1189,39.63
1258,3,1191,39.70
1262,2,1193,39.77
1264,1,1195,39.83
1266,2,1198,39.93
1272,1,1204,40.13
1276,2,1212,40.40
1278,1,1213,40.43
1281,2,1215,40.50
1286,2,1217,40.57
1288,2,1223,40.77
1289,2,1224,40.80
1293,2,1228,40.93
1301,2,1233,41.10
1306,2,1247,41.57
1320,1,1280,42.67
1321,2,1281,42.70
1328,2,1297,43.23
1286,1,1307,43.57
1332,2,1321,44.03
1340,1,1333,44.43
1347,3,1342,44.73
1356,2,1358,45.27
1359,1,1365,45.50
1362,1,1368,45.60
1368,1,1373,45.77
1381,1,1379,45.97
1382,1,1380,46.00
1384,1,1382,46.07
1385,1,1384,46.13
1388,1,1386,46.20
1393,2,1389,46.30
1407,1,1402,46.73
1321,1,1431,47.70
1449,1,1434,47.80
1463,3,1440,48.00
1479,1,1443,48.10
1483,2,1444,48.13
1508,1,1452,48.40
1517,2,1457,48.57
1519,2,1458,48.60
1536,2,1471,49.03
1332,1,1475,49.17
1542,1,1477,49.23
1563,1,1501,50.03
1572,2,1506,50.20
1578,1,1507,50.23
1579,2,1508,50.27
1586,2,1512,50.40
1590,1,1516,50.53
1592,2,1517,50.57
1593,3,1519,50.63
1598,1,1526,50.87
1603,1,1533,51.10
1605,1,1537,51.23
1608,2,1545,51.50
1613,2,1552,51.73
1618,2,1558,51.93
1624,3,1561,52.03
1625,1,1561,52.03
1536,1,1563,52.10
1628,3,1563,52.10
1631,2,1563,52.10
1656,2,1600,53.33
1662,1,1602,53.40
1666,2,1604,53.47
1670,2,1609,53.63
1673,2,1614,53.80
1674,1,1617,53.90
1677,1,1625,54.17
1579,1,1626,54.20
1680,1,1628,54.27
1684,1,1634,54.47
1686,1,1634,54.47
1694,1,1639,54.63
1696,1,1640,54.67
1701,1,1648,54.93
1706,1,1650,55.00
1717,1,1655,55.17
1718,1,1655,55.17
1723,1,1665,55.50
1618,1,1682,56.07
1749,2,1693,56.43
1754,2,1704,56.80
1656,1,1721,57.37
1766,1,1726,57.53
1766,2,1727,57.57
1773,2,1735,57.83
1774,2,1736,57.87
1778,1,1745,58.17
1780,2,1752,58.40
1781,1,1755,58.50
1782,1,1759,58.63
1783,2,1761,58.70
1803,2,1767,58.90
1808,1,1768,58.93
1673,1,1776,59.20
1817,2,1776,59.20
1819,1,1778,59.27
1828,1,1787,59.57
1830,2,1791,59.70
1846,2,1804,60.13
1855,2,1810,60.33
1860,2,1814,60.47
1863,1,1817,60.57
1870,1,1824,60.80
1881,1,1838,61.27
1886,1,1844,61.47
1888,1,1845,61.50
1889,1,1847,61.57
1896,1,1851,61.70
1916,2,1857,61.90
1931,1,1871,62.37
1935,1,1887,62.90
1948,2,1894,63.13
1952,1,1896,63.20
1962,2,1902,63.40
1968,1,1909,63.63
1886,2,1912,63.73
1999,1,1925,64.17
2005,1,1928,64.27
2008,1,1929,64.30
2022,2,1938,64.60
2024,1,1938,64.60
2034,2,1945,64.83
2038,1,1949,64.97
2048,1,1955,65.17
2057,1,1962,65.40
2064,1,1968,65.60
1916,1,1974,65.80
2077,1,1975,65.83
2089,2,1981,66.03
2102,2,1991,66.37
1999,2,1993,66.43
2106,1,1997,66.57
2118,2,2012,67.07
2122,2,2016,67.20
2136,1,2023,67.43
2144,1,2032,67.73
2161,2,2040,68.00
2177,1,2051,68.37
2178,2,2054,68.47
2136,2,2059,68.63
2189,2,2061,68.70
2192,1,2067,68.90
2193,2,2068,68.93
2214,2,2085,69.50
2223,2,2092,69.73
2235,1,2101,70.03
2250,1,2110,70.33
2253,1,2111,70.37
2256,1,2115,70.50
2263,1,2122,70.73
2282,1,2130,71.00
2235,2,2132,71.07
2290,1,2136,71.20
2303,1,2142,71.40
2304,1,2143,71.43
2317,1,2151,71.70
2318,2,2151,71.70
2323,1,2167,72.23
2325,2,2168,72.27
2327,1,2169,72.30
2331,1,2174,72.47
2362,1,2199,73.30
2368,1,2202,73.40
2376,1,2208,73.60
2381,1,2215,73.83
2383,1,2222,74.07
2389,2,2227,74.23
2392,1,2229,74.30
2394,2,2230,74.33
2396,1,2233,74.43
2408,1,2243,74.77
2409,1,2243,74.77
2414,1,2257,75.23
2303,2,2258,75.27
2441,1,2277,75.90
2459,2,2287,76.23
2463,1,2292,76.40
2482,1,2313,77.10
2505,1,2331,77.70
2506,1,2333,77.77
2509,1,2338,77.93
2512,1,2339,77.97
2532,1,2364,78.80
2534,2,2366,78.87
2542,1,2400,80.00
2544,2,2402,80.07
2512,2,2410,80.33
2548,2,2410,80.33
2553,1,2428,80.93
2555,2,2446,81.53
2542,2,2454,81.80
2578,1,2464,82.13
2580,2,2465,82.17
2582,2,2470,82.33
2594,1,2497,83.23
2600,2,2504,83.47
2601,2,2505,83.50
2622,1,2527,84.23
2631,2,2534,84.47
2627,2,2535,84.50
2637,1,2538,84.60
2622,2,2561,85.37
2655,2,2565,85.50
2661,1,2566,85.53
2665,2,2570,85.67
2682,1,2598,86.60
2683,2,2604,86.80
2701,2,2621,87.37
2719,1,2632,87.73
2737,2,2644,88.13
2747,1,2651,88.37
2752,1,2657,88.57
2753,1,2659,88.63
2719,2,2670,89.00
2769,1,2671,89.03
2782,1,2688,89.60
2783,2,2689,89.63
2786,1,2693,89.77
2797,2,2704,90.13
2798,2,2705,90.17
2797,1,2712,90.40
2802,1,2714,90.47
2805,1,2717,90.57
2798,1,2727,90.90
2818,1,2754,91.80
2805,2,2758,91.93
2820,1,2761,92.03
2823,1,2767,92.23
2830,1,2786,92.87
2830,2,2807,93.57
2837,1,2809,93.63
2845,1,2816,93.87
2853,1,2825,94.17
2854,1,2825,94.17
2866,1,2852,95.07
2870,1,2859,95.30
2875,1,2864,95.47
2880,1,2869,95.63
2886,1,2874,95.80
2888,1,2877,95.90
2914,1,2895,96.50
2917,1,2898,96.60
2918,1,2900,96.67
2870,2,2903,96.77
2919,1,2908,96.93
2920,2,2910,97.00
2928,1,2922,97.40
2942,1,2930,97.67
2953,1,2943,98.10
2954,1,2943,98.10
2987,1,2972,99.07
2990,2,2983,99.43
2996,1,2989,99.63
2999,1,2999,99.97
3003,1,3022,100.73
3006,1,3023,100.77
3007,2,3024,100.80
3013,2,3042,101.40
3014,2,3060,102.00
3025,2,3078,102.60
3036,2,3088,102.93
3044,2,3101,103.37
3047,2,3107,103.57
3053,2,3111,103.70
3057,1,3119,103.97
3036,1,3120,104.00
3067,2,3130,104.33
3071,2,3136,104.53
3075,1,3141,104.70
3078,2,3147,104.90
3057,2,3150,105.00
3053,1,3154,105.13
3083,1,3170,105.67
3084,1,3170,105.67
3091,1,3177,105.90
3084,2,3185,106.17
3067,1,3190,106.33
3129,1,3217,107.23
3091,2,3220,107.33
3148,1,3264,108.80
3154,1,3271,109.03
3172,1,3296,109.87
3176,1,3303,110.10
3179,2,3308,110.27
3184,3,3315,110.50
3148,2,3337,111.23
3176,2,3338,111.27
3204,1,3352,111.73
3205,1,3352,111.73
3223,1,3399,113.30
3230,1,3408,113.60
3241,1,3414,113.80
3247,1,3419,113.97
3251,2,3426,114.20
3254,1,3428,114.27
3263,1,3443,114.77
3266,1,3445,114.83
3278,2,3460,115.33
3280,1,3470,115.67
3300,3,3488,116.27
3304,1,3489,116.30
3305,1,3489,116.30
3325,1,3509,116.97
3339,1,3526,117.53
3345,3,3534,117.80
3346,1,3537,117.90
3278,1,3539,117.97
3368,2,3564,118.80
3304,2,3569,118.97
3380,1,3584,119.47
3388,2,3616,120.53
3393,1,3618,120.60
3397,3,3636,121.20
3380,2,3663,122.10
3429,1,3719,123.97
3433,2,3736,124.53
3441,1,3748,124.93
3442,2,3751,125.03
3451,1,3773,125.77
3429,2,3774,125.80
3454,2,3797,126.57
3457,1,3810,127.00
3457,2,3812,127.07
3460,1,3817,127.23
3460,2,3847,128.23
3464,1,3848,128.27
3470,1,3865,128.83
3471,2,3873,129.10
3483,2,3882,129.40
3485,2,3885,129.50
3498,2,3896,129.87
3511,1,3904,130.13
3515,2,3906,130.20
3528,1,3912,130.40
3539,1,3921,130.70
3549,1,3925,130.83
3553,1,3926,130.87
3556,1,3931,131.03
3579,2,3961,132.03
3581,1,3964,132.13
3590,2,3978,132.60
3581,2,4015,133.83
3606,2,4022,134.07
3613,2,4032,134.40
3624,1,4042,134.73
3627,1,4048,134.93
3632,1,4052,135.07
3635,2,4056,135.20
3638,1,4070,135.67
3632,2,4079,135.97
3653,1,4083,136.10
3656,1,4085,136.17
3635,1,4092,136.40
3660,1,4095,136.50
3667,2,4101,136.70
3680,2,4112,137.07
3656,2,4113,137.10
3681,2,4113,137.10
3687,2,4118,137.27
3701,2,4133,137.77
3704,1,4135,137.83
3708,3,4137,137.90
3709,2,4138,137.93
3716,2,4142,138.07
3725,2,4149,138.30
3737,3,4161,138.70
3746,2,4170,139.00
3747,1,4170,139.00
3754,1,4174,139.13
3756,1,4179,139.30
3761,1,4182,139.40
3764,1,4185,139.50
3747,2,4193,139.77
3775,2,4193,139.77
3779,2,4196,139.87
3784,3,4199,139.97
3785,2,4200,140.00
3786,1,4200,140.00
3795,2,4208,140.27
3797,2,4210,140.33
3716,1,4217,140.57
3800,3,4222,140.73
3812,2,4232,141.07
3818,2,4237,141.23
3821,1,4240,141.33
3786,2,4243,141.43
3830,1,4245,141.50
3835,1,4255,141.83
3838,3,4257,141.90
3746,1,4260,142.00
3854,2,4267,142.23
3855,2,4268,142.27
3862,2,4278,142.60
3864,1,4280,142.67
3866,1,4281,142.70
3870,3,4282,142.73
3871,2,4286,142.87
3878,2,4295,143.17
3889,1,4311,143.70
3864,2,4322,144.07
3921,1,4350,145.00
3922,2,4350,145.00
3924,1,4356,145.20
3932,1,4366,145.53
3933,1,4366,145.53
3940,2,4376,145.87
3933,2,4380,146.00
3944,1,4389,146.30
3944,2,4391,146.37
3948,1,4398,146.60
3955,3,4412,147.07
3981,3,4427,147.57
4000,1,4442,148.07
4003,1,4444,148.13
4006,2,4446,148.20
4014,1,4463,148.77
4015,2,4464,148.80
4029,1,4481,149.37
4029,2,4489,149.63
4035,1,4490,149.67
4039,2,4495,149.83
4040,2,4495,149.83
4047,1,4506,150.20
4067,2,4523,150.77
4073,2,4542,151.40
4047,2,4561,152.03
4089,1,4567,152.23
4093,2,4572,152.40
4096,2,4576,152.53
4101,2,4582,152.73
4103,1,4584,152.80
4105,1,4587,152.90
4106,2,4589,152.97
4114,2,4596,153.20
4117,1,4598,153.27
4118,2,4616,153.87
4140,2,4636,154.53
4150,2,4646,154.87
4178,1,4655,155.17
4193,1,4661,155.37
4195,2,4661,155.37
4206,2,4666,155.53
4214,2,4676,155.87
4117,2,4677,155.90
4217,1,4677,155.90
4217,2,4684,156.13
4254,1,4700,156.67
4261,2,4703,156.77
4273,1,4707,156.90
4275,3,4708,156.93
4283,2,4725,157.50
4299,2,4742,158.07
4338,2,4760,158.67
4340,3,4761,158.70
4349,2,4767,158.90
4353,2,4770,159.00
4261,1,4778,159.27
4359,2,4781,159.37
4373,1,4789,159.63
4374,2,4789,159.63
4375,3,4791,159.70
4376,2,4794,159.80
4388,1,4800,160.00
4399,2,4807,160.23
4409,1,4813,160.43
4414,2,4816,160.53
4283,1,4817,160.57
4435,1,4829,160.97
4440,2,4832,161.07
4338,1,4837,161.23
4449,1,4838,161.27
4450,2,4840,161.33
4451,2,4841,161.37
4455,2,4847,161.57
4456,2,4848,161.60
4457,1,4850,161.67
4459,1,4851,161.70
4462,2,4857,161.90
4463,1,4858,161.93
4435,2,4862,162.07
4471,2,4863,162.10
4485,2,4877,162.57
4496,1,4884,162.80
4496,2,4885,162.83
4376,1,4900,163.33
4523,2,4908,163.60
4529,1,4918,163.93
4533,1,4920,164.00
4534,2,4920,164.00
4529,2,4924,164.13
4538,2,4926,164.20
4552,1,4934,164.47
4553,1,4934,164.47
4563,2,4941,164.70
4567,2,4945,164.83
4578,2,4957,165.23
4583,2,4961,165.37
4591,2,4970,165.67
4596,2,4972,165.73
4603,1,4980,166.00
4618,1,5010,167.00
4621,2,5012,167.07
4624,1,5016,167.20
4552,2,5016,167.20
4640,2,5028,167.60
4646,1,5040,168.00
4672,1,5055,168.50
4677,2,5058,168.60
4678,2,5058,168.60
4682,2,5059,168.63
4690,1,5065,168.83
4692,3,5066,168.87
4693,2,5068,168.93
4706,2,5078,169.27
4713,2,5082,169.40
4715,2,5084,169.47
4718,2,5087,169.57
4720,1,5089,169.63
4721,2,5090,169.67
4732,2,5101,170.03
4733,2,5102,170.07
4738,2,5104,170.13
4741,2,5107,170.23
4749,2,5112,170.40
4752,1,5116,170.53
4760,1,5121,170.70
4762,1,5122,170.73
4732,1,5123,170.77
4791,2,5141,171.37
4813,1,5150,171.67
4814,2,5151,171.70
4817,1,5157,171.90
4818,2,5158,171.93
4822,1,5162,172.07
4831,2,5172,172.40
4832,2,5172,172.40
4836,1,5177,172.57
4837,2,5177,172.57
4840,2,5180,172.67
4842,2,5183,172.77
4762,2,5184,172.80
4863,1,5192,173.07
4868,1,5195,173.17
4871,2,5196,173.20
4878,1,5203,173.43
4879,1,5203,173.43
4881,2,5204,173.47
4884,1,5207,173.57
4887,2,5214,173.80
4896,1,5221,174.03
4897,2,5222,174.07
4693,1,5226,174.20
4908,1,5236,174.53
4909,1,5237,174.57
4919,1,5242,174.73
4920,2,5242,174.73
4921,2,5243,174.77
4933,1,5252,175.07
4944,1,5256,175.20
4947,1,5257,175.23
4949,2,5258,175.27
4953,1,5260,175.33
4961,2,5265,175.50
4963,1,5266,175.53
4964,1,5267,175.57
4981,1,5283,176.10
4988,2,5286,176.20
4992,1,5287,176.23
5012,1,5298,176.60
5013,1,5299,176.63
5022,1,5306,176.87
5023,1,5307,176.90
5025,2,5309,176.97
5037,1,5320,177.33
5049,1,5326,177.53
5053,1,5328,177.60
5059,1,5330,177.67
5065,1,5337,177.90
5066,1,5340,178.00
5073,2,5346,178.20
5074,1,5346,178.20
5080,1,5352,178.40
5095,3,5379,179.30
5103,2,5384,179.47
5106,2,5385,179.50
5121,2,5390,179.67
5053,2,5390,179.67
5122,1,5394,179.80
5140,1,5403,180.10
5142,1,5404,180.13
5144,2,5404,180.13
5153,2,5409,180.30
5164,2,5420,180.67
5178,1,5427,180.90
5184,2,5430,181.00
5196,2,5435,181.17
5198,2,5437,181.23
5201,1,5438,181.27
5205,1,5441,181.37
5206,2,5442,181.40
5213,2,5448,181.60
5229,2,5456,181.87
5230,2,5457,181.90
5236,2,5461,182.03
5238,1,5462,182.07
5246,2,5469,182.30
5253,2,5477,182.57
5258,2,5488,182.93
5273,1,5507,183.57
5287,1,5517,183.90
5293,2,5524,184.13
5304,2,5529,184.30
5305,1,5529,184.30
5313,2,5535,184.50
5315,2,5536,184.53
5316,1,5536,184.53
5318,2,5537,184.57
5319,2,5540,184.67
5322,2,5545,184.83
4920,1,5546,184.87
5322,1,5546,184.87
5330,1,5553,185.10
5337,1,5558,185.27
5352,1,5571,185.70
5357,1,5577,185.90
5258,1,5579,185.97
5379,1,5599,186.63
5385,2,5602,186.73
5387,2,5602,186.73
5388,1,5606,186.87
5398,2,5614,187.13
5436,1,5639,187.97
5437,1,5643,188.10
5442,2,5645,188.17
5455,2,5657,188.57
5462,2,5659,188.63
5471,1,5672,189.07
5479,3,5679,189.30
5482,2,5681,189.37
5486,2,5684,189.47
5492,2,5702,190.07
5494,2,5703,190.10
5495,1,5703,190.10
5502,2,5712,190.40
5508,2,5716,190.53
5523,2,5721,190.70
5538,2,5736,191.20
5540,1,5737,191.23
5549,2,5747,191.57
5569,1,5756,191.87
5571,2,5757,191.90
5573,1,5760,192.00
5587,2,5764,192.13
5591,1,5769,192.30
5597,2,5772,192.40
5600,2,5775,192.50
5602,1,5775,192.50
5385,1,5779,192.63
5610,2,5780,192.67
5613,1,5782,192.73
5615,2,5783,192.77
5618,1,5785,192.83
5624,2,5788,192.93
5634,1,5798,193.27
5635,1,5799,193.30
5636,2,5801,193.37
5637,1,5801,193.37
5640,1,5804,193.47
5641,2,5805,193.50
5644,2,5809,193.63
5659,2,5820,194.00
5661,3,5821,194.03
5662,1,5821,194.03
5664,2,5822,194.07
5669,2,5829,194.30
5672,2,5831,194.37
5674,2,5834,194.47
5677,2,5836,194.53
5678,3,5837,194.57
5684,2,5841,194.70
5685,1,5841,194.70
5694,1,5844,194.80
5700,2,5845,194.83
5703,1,5846,194.87
5711,1,5849,194.97
5720,2,5851,195.03
5735,1,5856,195.20
5738,2,5858,195.27
5742,1,5860,195.33
5745,2,5860,195.33
5755,2,5867,195.57
5387,1,5872,195.73
5766,2,5877,195.90
5768,3,5878,195.93
5778,2,5880,196.00
5787,1,5885,196.17
5803,2,5896,196.53
5817,2,5904,196.80
5821,1,5906,196.87
5827,2,5911,197.03
5831,2,5918,197.27
5833,3,5919,197.30
5835,2,5921,197.37
5843,3,5927,197.57
5844,2,5927,197.57
5847,1,5931,197.70
5624,1,5935,197.83
5884,1,5946,198.20
5896,2,5953,198.43
5909,1,5965,198.83
5912,1,5966,198.87
5916,2,5967,198.90
5937,2,5979,199.30
5972,2,5995,199.83
5978,1,6003,200.10
5803,1,6005,200.17
5983,2,6010,200.33
5986,2,6011,200.37
5987,2,6011,200.37
5991,1,6014,200.47
5996,2,6025,200.83
6004,2,6031,201.03
6011,1,6037,201.23
6024,1,6048,201.60
5835,1,6049,201.63
6030,2,6053,201.77
6041,1,6060,202.00
6056,1,6071,202.37
6077,1,6080,202.67
6085,1,6084,202.80
6088,2,6097,203.23
6111,1,6115,203.83
5991,2,6137,204.57
5983,1,6145,204.83
6139,2,6145,204.83
6147,1,6154,205.13
6174,2,6167,205.57
6182,1,6171,205.70
6186,1,6182,206.07
6195,2,6198,206.60
6209,2,6205,206.83
6213,2,6210,207.00
6216,2,6215,207.17
6231,1,6225,207.50
5986,1,6227,207.57
6243,2,6233,207.77
6279,2,6250,208.33
6298,2,6262,208.73
6304,2,6264,208.80
6305,1,6265,208.83
6309,1,6267,208.90
6316,2,6271,209.03
6318,2,6272,209.07
6329,1,6279,209.30
6332,2,6280,209.33
6360,1,6291,209.70
6371,1,6295,209.83
6371,2,6297,209.90
6378,1,6300,210.00
6391,3,6312,210.40
6393,1,6320,210.67
6298,1,6321,210.70
6397,1,6321,210.70
6403,1,6324,210.80
6419,1,6336,211.20
6426,2,6343,211.43
6430,1,6346,211.53
6431,1,6346,211.53
6435,1,6350,211.67
6437,2,6350,211.67
6438,2,6350,211.67
6444,1,6355,211.83
6459,3,6368,212.27
6471,1,6379,212.63
6471,2,6380,212.67
6474,1,6380,212.67
6483,2,6386,212.87
6487,1,6388,212.93
6492,2,6393,213.10
6497,1,6396,213.20
6523,2,6408,213.60
6522,3,6409,213.63
6543,2,6421,214.03
6497,2,6429,214.30
6545,1,6430,214.33
6561,2,6442,214.73
6437,1,6446,214.87
6580,1,6455,215.17
6581,1,6455,215.17
6585,1,6460,215.33
6589,2,6464,215.47
6594,2,6466,215.53
6615,1,6478,215.93
6627,2,6483,216.10
6629,1,6485,216.17
6632,1,6487,216.23
6633,1,6489,216.30
6649,2,6498,216.60
6680,2,6518,217.27
6681,2,6518,217.27
6684,2,6522,217.40
6691,2,6526,217.53
6692,2,6526,217.53
6693,2,6530,217.67
6694,2,6534,217.80
6696,2,6537,217.90
6697,1,6539,217.97
6703,1,6545,218.17
6706,2,6555,218.50
6707,1,6555,218.50
6709,3,6562,218.73
6712,2,6575,219.17
6726,2,6583,219.43
6731,2,6589,219.63
6733,2,6591,219.70
6737,1,6596,219.87
6741,2,6599,219.97
6744,1,6601,220.03
6746,2,6603,220.10
6753,2,6614,220.47
6632,2,6642,221.40
6787,2,6653,221.77
6789,1,6655,221.83
6791,2,6659,221.97
6808,2,6677,222.57
6822,1,6704,223.47
6827,2,6711,223.70
6837,1,6720,224.00
6838,2,6721,224.03
6845,1,6729,224.30
6853,2,6735,224.50
6857,2,6738,224.60
6859,2,6740,224.67
6868,1,6748,224.93
6870,2,6750,225.00
6874,1,6753,225.10
6877,1,6754,225.13
6880,2,6757,225.23
6883,1,6758,225.27
6898,2,6771,225.70
6906,1,6787,226.23
6822,2,6796,226.53
6920,2,6810,227.00
6921,2,6811,227.03
6925,3,6816,227.20
6935,2,6823,227.43
6952,2,6854,228.47
6984,2,6883,229.43
6920,1,6890,229.67
7004,1,6896,229.87
7008,2,6899,229.97
7016,2,6910,230.33
7021,2,6920,230.67
7025,2,6933,231.10
7041,1,6953,231.77
7043,2,6954,231.80
7051,1,6959,231.97
7078,2,6979,232.63
7083,2,6988,232.93
7086,2,6993,233.10
7087,2,6998,233.27
7089,2,7003,233.43
7092,1,7004,233.47
7099,2,7032,234.40
7101,2,7037,234.57
7111,2,7061,235.37
7118,2,7071,235.70
7122,2,7082,236.07
7153,1,7129,237.63
7163,2,7142,238.07
7167,2,7147,238.23
7118,1,7150,238.33
7174,1,7159,238.63
7177,2,7161,238.70
7178,2,7161,238.70
7179,2,7165,238.83
7185,2,7179,239.30
7191,2,7192,239.73
7202,1,7206,240.20
7203,2,7212,240.40
7212,2,7228,240.93
7218,2,7234,241.13
7202,2,7236,241.20
7225,1,7241,241.37
7177,1,7252,241.73
7237,3,7257,241.90
7243,1,7263,242.10
7261,2,7283,242.77
7273,3,7302,243.40
7275,2,7310,243.67
7277,1,7312,243.73
7286,2,7325,244.17
7288,2,7330,244.33
7290,3,7337,244.57
7306,3,7369,245.63
7318,1,7379,245.97
7288,1,7396,246.53
7330,2,7407,246.90
7331,3,7409,246.97
7335,2,7413,247.10
7341,1,7416,247.20
7344,1,7418,247.27
7345,2,7420,247.33
7357,1,7430,247.67
7376,1,7442,248.07
7377,2,7442,248.07
7394,1,7458,248.60
7396,2,7459,248.63
7403,2,7468,248.93
7410,2,7488,249.60
7414,1,7490,249.67
7420,2,7500,250.00
7427,2,7509,250.30
7429,2,7513,250.43
7433,2,7521,250.70
7438,1,7524,250.80
7441,2,7525,250.83
7442,2,7525,250.83
7445,2,7529,250.97
7414,2,7533,251.10
7451,2,7539,251.30
7458,1,7542,251.40
7465,1,7548,251.60
7482,2,7558,251.93
7490,2,7568,252.27
7492,2,7574,252.47
7420,1,7578,252.60
7507,1,7592,253.07
7525,3,7606,253.53
7527,1,7606,253.53
7533,1,7612,253.73
7555,2,7622,254.07
7560,2,7627,254.23
7567,1,7633,254.43
7573,2,7637,254.57
7578,1,7642,254.73
7584,2,7652,255.07
7594,2,7656,255.20
7601,1,7659,255.30
7609,1,7663,255.43
7567,2,7670,255.67
7619,1,7670,255.67
7625,1,7681,256.03
7629,1,7682,256.07
7638,2,7693,256.43
7664,1,7706,256.87
7667,2,7709,256.97
7668,2,7712,257.07
7672,2,7717,257.23
7679,1,7721,257.37
7687,1,7729,257.63
7693,1,7742,258.07
7696,1,7746,258.20
7697,2,7748,258.27
7700,1,7752,258.40
7706,1,7761,258.70
7707,1,7764,258.80
7715,2,7770,259.00
7718,1,7774,259.13
7693,2,7791,259.70
7731,1,7792,259.73
7742,1,7826,260.87
7731,2,7837,261.23
7750,1,7841,261.37
7756,1,7843,261.43
7762,1,7853,261.77
7767,2,7857,261.90
7769,2,7859,261.97
7776,1,7876,262.53
7782,3,7888,262.93
7788,1,7896,263.20
7762,2,7900,263.33
7804,1,7905,263.50
7809,1,7907,263.57
7822,1,7915,263.83
7851,1,7936,264.53
7862,1,7952,265.07
7870,1,7956,265.20
7871,1,7956,265.20
7822,2,7959,265.30
7877,2,7961,265.37
7907,2,7993,266.43
7915,1,8002,266.73
7920,1,8004,266.80
7930,1,8007,266.90
7946,1,8016,267.20
7959,2,8023,267.43
7962,1,8025,267.50
7963,1,8025,267.50
7977,1,8044,268.13
7870,2,8053,268.43
7991,2,8064,268.80
8017,1,8075,269.17
8033,1,8086,269.53
8041,1,8096,269.87
8058,1,8111,270.37
8068,1,8122,270.73
8071,1,8123,270.77
8068,2,8146,271.53
8098,1,8150,271.67
8103,2,8154,271.80
8104,1,8155,271.83
8106,1,8159,271.97
8110,2,8163,272.10
8126,1,8170,272.33
8128,1,8171,272.37
8142,2,8184,272.80
8150,1,8192,273.07
8156,1,8195,273.17
8157,1,8196,273.20
8167,2,8202,273.40
8170,1,8204,273.47
8174,1,8205,273.50
8183,2,8212,273.73
8187,2,8215,273.83
8199,2,8224,274.13
8203,1,8225,274.17
8238,2,8250,275.00
8250,1,8258,275.27
8174,2,8265,275.50
8264,1,8276,275.87
8274,1,8287,276.23
8278,1,8289,276.30
8288,2,8310,277.00
8294,2,8317,277.23
8274,2,8318,277.27
8295,1,8321,277.37
8295,2,8348,278.27
8335,1,8351,278.37
8336,1,8351,278.37
8337,1,8353,278.43
8342,1,8363,278.77
8345,1,8364,278.80
8351,1,8368,278.93
8355,1,8371,279.03
8359,1,8373,279.10
8360,2,8375,279.17
8380,2,8387,279.57
8384,1,8389,279.63
8386,2,8389,279.63
8394,1,8399,279.97
8396,2,8401,280.03
8397,2,8401,280.03
8337,2,8405,280.17
8413,2,8425,280.83
8416,1,8427,280.90
8423,2,8434,281.13
8429,1,8442,281.40
8459,2,8466,282.20
8465,1,8471,282.37
8474,1,8476,282.53
8480,2,8481,282.70
8482,2,8482,282.73
8522,1,8496,283.20
8523,1,8496,283.20
8540,2,8502,283.40
8459,1,8508,283.60
8568,1,8522,284.07
8573,1,8524,284.13
8580,1,8528,284.27
8582,1,8533,284.43
8588,2,8537,284.57
8568,2,8538,284.60
8592,1,8541,284.70
8608,1,8562,285.40
8573,2,8566,285.53
8630,2,8581,286.03
8637,2,8604,286.80
8660,1,8641,288.03
8665,1,8645,288.17
8692,1,8665,288.83
8697,1,8668,288.93
8702,2,8674,289.13
8715,2,8685,289.50
8719,1,8689,289.63
8697,2,8698,289.93
8728,2,8708,290.27
8660,2,8713,290.43
8742,1,8726,290.87
8748,1,8743,291.43
8752,3,8752,291.73
8768,1,8787,292.90
8772,1,8792,293.07
8777,1,8796,293.20
8790,1,8808,293.60
8802,2,8817,293.90
8804,1,8818,293.93
8816,1,8827,294.23
8828,2,8838,294.60
8832,1,8843,294.77
8843,2,8856,295.20
8847,1,8862,295.40
8848,1,8867,295.57
8854,1,8873,295.77
8876,1,8899,296.63
8847,2,8914,297.13
8893,1,8919,297.30
8901,2,8930,297.67
8925,1,8955,298.50
8927,2,8957,298.57
8930,1,8962,298.73
8939,1,8972,299.07
8940,1,8974,299.13
8965,2,9005,300.17
8973,2,9013,300.43
8940,2,9016,300.53
8985,1,9020,300.67
8996,1,9028,300.93
9000,2,9030,301.00
9007,1,9036,301.20
9014,3,9041,301.37
9022,1,9046,301.53
9049,2,9063,302.10
9052,2,9066,302.20
9055,1,9066,302.20
9058,2,9068,302.27
9061,2,9069,302.30
9064,1,9077,302.57
9074,2,9083,302.77
9049,1,9098,303.27
9086,1,9101,303.37
9090,1,9104,303.47
9092,1,9107,303.57
9100,2,9117,303.90
9103,2,9125,304.17
9106,1,9130,304.33
9124,1,9156,305.20
9064,2,9158,305.27
9126,3,9158,305.27
9129,1,9160,305.33
9131,2,9161,305.37
9133,1,9163,305.43
9135,1,9163,305.43
9141,1,9170,305.67
9144,2,9174,305.80
9155,2,9183,306.10
